Comment ID,Channel ID,Comment create timestamp,Price,Parent comment ID,Post ID,Video ID,Comment text,Top-level comment ID
UgzZh3vxZyHKaOoouPd4AaABAg,UCSLj2L6Fa78dtxFbbUarM8Q,2025-03-09T08:27:32.379244+00:00,0,,,AqjB8DGt85U,"{""text"":""As of March 9 2025, the 10th investigation team still has zero leads of car and drew's whereabouts. Private investigators, Internet Users, and all our previous 9 investigation teams suggests car fled to South America but they all mysteriously went missing""}",
UgyDSqy2nUFSshqW3NB4AaABAg,UCSLj2L6Fa78dtxFbbUarM8Q,2025-03-08T20:48:16.754423+00:00,0,,,uXgKCF72SFg,"{""text"":""Shrek's goldfish""}",
Ugw0eKRfZV3-9rxYlZt4AaABAg,UCSLj2L6Fa78dtxFbbUarM8Q,2025-03-08T16:16:09.688317+00:00,0,,,DW0msXnoVLA,"{""text"":""The opening theme of the lost anime 'Itsumo Kokoro ni Taiyou wo'""}",
UgwbTYi2B-VfFYqW8X54AaABAg,UCSLj2L6Fa78dtxFbbUarM8Q,2025-03-08T13:09:51.762095+00:00,0,,,BIe12uxebnE,"{""text"":""Whoa, calm down Takeshi!""}",
UgymC6LXZXqWXKbYDHN4AaABAg,UCSLj2L6Fa78dtxFbbUarM8Q,2025-03-08T13:04:38.931349+00:00,0,,,tgUSbSoi5GQ,"{""text"":""\""You either mew a sigma, or rizz long enough to see yourself become the beta\""""}",
UgwOZRvh5RrQzGhygT54AaABAg.AFPU176Kt3hAFPbhsFUj3o,UCSLj2L6Fa78dtxFbbUarM8Q,2025-03-08T12:57:16.833128+00:00,0,UgwOZRvh5RrQzGhygT54AaABAg,,tgUSbSoi5GQ,"{""text"":""I haven't played that game in while, might as well try the new class""}",UgwOZRvh5RrQzGhygT54AaABAg
UgzUO4GAK5lchTX0zFN4AaABAg,UCSLj2L6Fa78dtxFbbUarM8Q,2025-03-08T05:45:08.000104+00:00,0,,,c-TVp_ezNHc,"{""text"":""Kim Jung Un would politely decline this crap""}",
UgzyFD_Kaf8ZFBUP3vR4AaABAg,UCSLj2L6Fa78dtxFbbUarM8Q,2025-03-08T02:29:08.586794+00:00,0,,,_xjAPOt4ZnU,"{""text"":""Damn if I were to be charged with those things I would be getting 150 years""}",
UgzstdwVnPsdy3W8_yB4AaABAg,UCSLj2L6Fa78dtxFbbUarM8Q,2025-03-08T02:05:34.812494+00:00,0,,,LsF4c06txHM,"{""text"":""In case you heard some disinformation and misinformation in the comments, Gorbachev died in August 30, 2022, he was in office from march 15 1990 to dec 25 1991 (office abolished) Dissolution of the Soviet Union""}",
UgyBk7zHAROYxNYLbJV4AaABAg,UCSLj2L6Fa78dtxFbbUarM8Q,2025-03-07T21:09:32.982806+00:00,0,,,Rciaj-tg4Sk,"{""text"":""This is what not drinking beer does to a man""}",
Ugy8cWi-KeXFcJWKfnt4AaABAg.AFJPywrMHc6AFNfTI7_UqL,UCSLj2L6Fa78dtxFbbUarM8Q,2025-03-07T18:51:37.451642+00:00,0,Ugy8cWi-KeXFcJWKfnt4AaABAg,UgkxuS46z7P5RWhWC7qs1WWmdaD4LoeGC5JD,,"{""text"":""@ I know, there's too much to choose from. Trying to find and create one is more than a medieval torture to me""}",Ugy8cWi-KeXFcJWKfnt4AaABAg
UgxX1JSiSq9Y4f4DZId4AaABAg.AAjHrErTypoAFNd2eaWg9y,UCSLj2L6Fa78dtxFbbUarM8Q,2025-03-07T18:30:30.752357+00:00,0,UgxX1JSiSq9Y4f4DZId4AaABAg,,TgNoS6wuSRY,"{""text"":""@catnap_roblox767"",""mention"":{""externalChannelId"":""UCXNIayVvMsjsU6VP1hzOoOg""}},{""text"":"" when all the cars stop when you're crossing the road is the ultimate main character feeling especially when you wanna die and the world doesn't want you to""}",UgxX1JSiSq9Y4f4DZId4AaABAg
Ugw5wlPCWsTZN0RJk_h4AaABAg,UCSLj2L6Fa78dtxFbbUarM8Q,2025-03-07T18:03:28.881253+00:00,0,,,r7RIqq6ZXmY,"{""text"":""Bro watched too much fast and furious""}",
UgxQXKdUzk-3Sl36UvF4AaABAg,UCSLj2L6Fa78dtxFbbUarM8Q,2025-03-07T17:58:31.697033+00:00,0,,,Wl959QnD3lM,"{""text"":""Putin on his way to Trump's house (he was invited for a birthday party);""}",
Ugy1f1fcx9RelOg2WFZ4AaABAg,UCSLj2L6Fa78dtxFbbUarM8Q,2025-03-07T17:28:04.952737+00:00,0,,,0JB_9dVKB48,"{""text"":""\""Zach's zaza and pots supply\""""}",
Ugx0NmDWu2wSYTW_IHx4AaABAg,UCSLj2L6Fa78dtxFbbUarM8Q,2025-03-07T17:04:37.215464+00:00,0,,,JNcPrZvtiGo,"{""text"":""Masters, may I have the sauce at ""},{""text"":""0:35"",""videoLink"":{""externalVideoId"":""JNcPrZvtiGo"",""startTimeSeconds"":35}}",
UgwGD46ls99HikASjOx4AaABAg,UCSLj2L6Fa78dtxFbbUarM8Q,2025-03-07T16:53:02.144455+00:00,0,,,zAVUB19limQ,"{""text"":""60hz is trash, we need 24hz for more innovation and cinematic experience""}",
UgyJbZWUWd6ueQaBLZ14AaABAg,UCSLj2L6Fa78dtxFbbUarM8Q,2025-03-06T23:13:40.559069+00:00,0,,,8jle_MYVAnQ,"{""text"":""Honestly why won't nvidia use the car battery connector""}",
Ugwnkum4Cc3TxsThYLd4AaABAg,UCSLj2L6Fa78dtxFbbUarM8Q,2025-03-06T20:53:37.352014+00:00,0,,,e0LoagOGWvw,"{""text"":""Unlimited kidney generator""}",
UgzIxUEYrik_cM3g4VF4AaABAg,UCSLj2L6Fa78dtxFbbUarM8Q,2025-03-06T18:53:29.263119+00:00,0,,,CYXJYQZ3FX0,"{""text"":""She was a commander of the 4th Panzer Army""}",
UgyfoK9pOJbGiu2xUd94AaABAg.AFL3ZHRuqqZAFL4OlgYFma,UCSLj2L6Fa78dtxFbbUarM8Q,2025-03-06T18:40:28.604131+00:00,0,UgyfoK9pOJbGiu2xUd94AaABAg,,_byk8k8rBgY,"{""text"":""The teen threw the gun""}",UgyfoK9pOJbGiu2xUd94AaABAg
Ugy8cWi-KeXFcJWKfnt4AaABAg.AFJPywrMHc6AFKvUteSicj,UCSLj2L6Fa78dtxFbbUarM8Q,2025-03-06T17:13:55.842793+00:00,0,Ugy8cWi-KeXFcJWKfnt4AaABAg,UgkxuS46z7P5RWhWC7qs1WWmdaD4LoeGC5JD,,"{""text"":""You mean Skibidi Toilet? I'd rather kill myself""}",Ugy8cWi-KeXFcJWKfnt4AaABAg
UgyX17T2gwOvexnu92d4AaABAg,UCSLj2L6Fa78dtxFbbUarM8Q,2025-03-06T17:05:07.580187+00:00,0,,,a6ucsDuZ0Y4,"{""text"":""Hmm""}",
UgyJ2nz2wR3q9CDzfix4AaABAg.AA8tGNPT9GkAFKfjyhpXY3,UCSLj2L6Fa78dtxFbbUarM8Q,2025-03-06T14:56:19.061761+00:00,0,UgyJ2nz2wR3q9CDzfix4AaABAg,,W6555x6omRc,"{""text"":""No it's not good, even with extreme optimizations or with overclock. The chip is slow af""}",UgyJ2nz2wR3q9CDzfix4AaABAg
UgyLEw8pPYHrJ7vPe6J4AaABAg,UCSLj2L6Fa78dtxFbbUarM8Q,2025-03-06T12:27:48.139226+00:00,0,,,nhW0FLEqUkk,"{""text"":""The only thing I hear was beer""}",
UgwHgHa8sOqMPiukG-p4AaABAg,UCSLj2L6Fa78dtxFbbUarM8Q,2025-03-06T12:12:21.075454+00:00,0,,,lqmGn7krHUE,"{""text"":""Nah bruh steve looks like he's banned from getting 500meters closer to elementary schools""}",
Ugz7RxNLzhN-7j5oWtd4AaABAg,UCSLj2L6Fa78dtxFbbUarM8Q,2025-03-06T11:24:39.559016+00:00,0,,,QFOIsUvZt8s,"{""text"":""They forgot AI and 4090 performance!""}",
UgxKi7IK-02Em6W4OW54AaABAg.9LrtMNgYaeFAFKI0mPmKAX,UCSLj2L6Fa78dtxFbbUarM8Q,2025-03-06T11:20:17.682426+00:00,0,UgxKi7IK-02Em6W4OW54AaABAg,,dguBEoU6OQ8,"{""text"":""@rhindi his accent sounds nothing like filipino""}",UgxKi7IK-02Em6W4OW54AaABAg
UgzwLJvQKZ8ESjAxrqR4AaABAg,UCSLj2L6Fa78dtxFbbUarM8Q,2025-03-06T09:40:58.439877+00:00,0,,,851HoWODsuU,"{""text"":""Trump going full Totalitarianism Regime""}",
Ugxdrta4hwoSzYoPYpB4AaABAg,UCSLj2L6Fa78dtxFbbUarM8Q,2025-03-06T01:04:29.686552+00:00,0,,,GvOMsEm3N7o,"{""text"":""I'd rather unalive myself than responding like that to rejection""}",
Ugzs4FQBdN1blJyQscp4AaABAg,UCSLj2L6Fa78dtxFbbUarM8Q,2025-03-06T00:56:04.107322+00:00,0,,,IIo0lsbra2g,"{""text"":""Jokes on you I'm homeless""}",
UgyHlSoMO-ekAegSZax4AaABAg,UCSLj2L6Fa78dtxFbbUarM8Q,2025-03-06T00:45:28.586296+00:00,0,,,SRnFqcLObiM,"{""text"":""Bro went from Level 999 mafia boss to level 1 crook""}",
UgyMwWtOD3THgp7K1254AaABAg.AFIeaVrODyAAFIgrXqlyrv,UCSLj2L6Fa78dtxFbbUarM8Q,2025-03-05T20:27:36.431548+00:00,0,UgyMwWtOD3THgp7K1254AaABAg,,x1Xi8hNDl6k,"{""text"":""RIP Pizza""}",UgyMwWtOD3THgp7K1254AaABAg
UgxL1sWae0pMOuAlnOt4AaABAg,UCSLj2L6Fa78dtxFbbUarM8Q,2025-03-05T20:26:23.507045+00:00,0,,,x1Xi8hNDl6k,"{""text"":""RIP Pizza you will be remembered ""},{""text"":""23:38"",""videoLink"":{""externalVideoId"":""x1Xi8hNDl6k"",""startTimeSeconds"":1418}},{""text"":"" 23-10-05 - ""},{""text"":""00:30"",""videoLink"":{""externalVideoId"":""x1Xi8hNDl6k"",""startTimeSeconds"":30}},{""text"":"" 23-10-06""}",
UgyA3K7ubX5Kt7tMEs94AaABAg,UCSLj2L6Fa78dtxFbbUarM8Q,2025-03-05T19:58:41.640071+00:00,0,,,Zmvt7yFTtt8,"{""text"":""White males has an average of 5 inches, black males has an average of 8+ inches, and asian males has an average of 3 inches""}",
UgwN3VoGYiet5iqhiQ94AaABAg,UCSLj2L6Fa78dtxFbbUarM8Q,2025-03-05T19:49:39.144591+00:00,0,,,1lWDHaqw-B4,"{""text"":""Fox showed me his gyatt""}",
UgyYANlPfIRAr1sW5g54AaABAg,UCSLj2L6Fa78dtxFbbUarM8Q,2025-03-05T19:34:45.63704+00:00,0,,,iV46TJKL8cU,"{""text"":""N**ga and the seven creeps""}",
UgxTrUPl6W3gAoAPLwB4AaABAg,UCSLj2L6Fa78dtxFbbUarM8Q,2025-03-05T17:32:11.639549+00:00,0,,,013vOtdFYFA,"{""text"":""For people with enough braincells it would take only 3 years but for me it'll take 2 million years""}",
UgwSoQjbh8EsbTimEnx4AaABAg,UCSLj2L6Fa78dtxFbbUarM8Q,2025-03-05T16:55:32.320159+00:00,0,,,DQcvMN-rNVE,"{""text"":""After 3 years of abuse, chatgpt finally loses it and made me almost delete my windows11 partition""}",
Ugw5bBBFXEjUufFNvxZ4AaABAg.ADnmApTIXSrAFIE9O3PGIn,UCSLj2L6Fa78dtxFbbUarM8Q,2025-03-05T16:08:02.172837+00:00,0,Ugw5bBBFXEjUufFNvxZ4AaABAg,,hXTQP4eFmf0,"{""text"":""Okay I have an explanation as to why his comment is 1 day old in a 1 hour old video.""},{""text"":""\n""},{""text"":""\n""},{""text"":""1:  ""},{""text"":""he's a channel member""},{""text"":""\n""},{""text"":""2: this video was posted then unlisted then relisted""},{""text"":""\n""},{""text"":""3: ""},{""text"":""time traveller""},{""text"":""\n""},{""text"":""4: ""},{""text"":""magic""}",Ugw5bBBFXEjUufFNvxZ4AaABAg
UgxpnkNM3KZF0h7F8lt4AaABAg,UCSLj2L6Fa78dtxFbbUarM8Q,2025-03-05T15:51:11.623126+00:00,0,,,eV2m3cLfVFI,"{""text"":""As you can see, the wood is not completely charred the insides are not burnt whatsoever and he keeps the slightly burnt charcoal into his mouth for a few seconds. At this point you'd rather eat 5kg of ice cold charcoal instead of passing it off as eating 1kg of burning charcoal""}",
Ugw3vN8-IrGgKdgOILp4AaABAg,UCSLj2L6Fa78dtxFbbUarM8Q,2025-03-05T12:38:55.212741+00:00,0,,,zD6qjm8Ylig,"{""text"":""NGL JD Vance indirectly said \""do the roar\"" to Zelensky""}",
UgyDwGMsiQ4SGIfKXgV4AaABAg,UCSLj2L6Fa78dtxFbbUarM8Q,2025-03-04T21:44:25.517259+00:00,0,,,RASI0dgMl7E,"{""text"":""Took me 10 minutes trying to destroy all pillars only for it to sat like a bitch on top of the pillars and revives when one pillar is almost destroyed""}",
UgyqkZ9ZLcvJCvFjdYl4AaABAg,UCSLj2L6Fa78dtxFbbUarM8Q,2025-03-04T18:39:14.572977+00:00,0,,,MGY8o_Ux0Qc,"{""text"":""I have a feeling that the story will revolve around Shrek discovering social media and other characters making videos""}",
UgwHSWY7Rq0dgpaytOh4AaABAg,UCSLj2L6Fa78dtxFbbUarM8Q,2025-03-04T17:53:04.624913+00:00,0,,,mWRsgZuwf_8,"{""text"":""2013: masterpiece""},{""text"":""\n""},{""text"":""2021: this is my kingdom come""},{""text"":""\n""},{""text"":""2025: \""who's here 2025?\""""},{""text"":""\n""},{""text"":""\n""},{""text"":""Like bro shut yo btch as s up no one cares""}",
UgxYueR35ymT_KRc5Rt4AaABAg,UCSLj2L6Fa78dtxFbbUarM8Q,2025-03-04T17:43:44.760485+00:00,0,,,FwYXnHKaRLM,"{""text"":""\""Zaza\"" is a slang for exotic high-quality marijuana""}",
UgzGAj15vFMZXMwLBoF4AaABAg,UCSLj2L6Fa78dtxFbbUarM8Q,2025-03-04T17:20:38.754662+00:00,0,,,VdPpVsETDy8,"{""text"":""Mutahar just laughed""}",
UgygCpCTflDjPy6w1kJ4AaABAg,UCSLj2L6Fa78dtxFbbUarM8Q,2025-03-04T17:14:59.830774+00:00,0,,,sODQG990nBI,"{""text"":""That one cutscene after downloading the mod bro recommended""}",
UgyQuCJZFVHI3L-90SR4AaABAg,UCSLj2L6Fa78dtxFbbUarM8Q,2025-03-04T17:11:46.364034+00:00,0,,,pxEV1A5mTYM,"{""text"":""Ngl the green haired one looks like Collei""}",
UgwAHd2N_2YlzQYXtyZ4AaABAg,UCSLj2L6Fa78dtxFbbUarM8Q,2025-03-04T17:09:34.933055+00:00,0,,,qISl27F8L7Y,"{""text"":""Pro tip: set screen resulotion to 144p""}",
UgzWZHFdnSooIuahdUp4AaABAg,UCSLj2L6Fa78dtxFbbUarM8Q,2025-03-04T17:07:22.190006+00:00,0,,,vTaxo0PcWaY,"{""text"":""Google was holding Gemini devs hostage""}",
UgwyCDHRevItumECazl4AaABAg,UCSLj2L6Fa78dtxFbbUarM8Q,2025-03-04T16:33:12.556462+00:00,0,,,ElmQZAGVgfU,"{""text"":""One man, one hand. This guy did it all""}",
Ugxr-h-t7xsdrt0aOVl4AaABAg,UCSLj2L6Fa78dtxFbbUarM8Q,2025-03-04T14:49:49.033514+00:00,0,,,IksM2YockJk,"{""text"":""*sighs*""},{""text"":"" I already sold 3 kidneys for the ""},{""text"":""\""best\""""},{""text"":"" camera phones for the past 4 years""}",
UgzN8SyYabTByjOLQrR4AaABAg,UCSLj2L6Fa78dtxFbbUarM8Q,2025-03-04T14:34:29.603248+00:00,0,,,rUaztYdgoj0,"{""text"":""We boutta upgarde from 5070 to integrated graphics""}",
UgwfBvPIffs8El6iVap4AaABAg,UCSLj2L6Fa78dtxFbbUarM8Q,2025-03-04T14:29:28.765922+00:00,0,,,rUaztYdgoj0,"{""text"":""AMD cooking 5070""}",
UgxsfJ2jRgYxd8wcU-p4AaABAg,UCSLj2L6Fa78dtxFbbUarM8Q,2025-03-04T13:56:27.160513+00:00,0,,,3D49TwGzxpE,"{""text"":""Bro's = bro is""},{""text"":""\n""},{""text"":""\n""},{""text"":""Go to school first or learn basic grammar""}",
UgxEhblZGBkf1MQw7LZ4AaABAg.AFDV7rehy3EAFDYE2ZVpWx,UCSLj2L6Fa78dtxFbbUarM8Q,2025-03-03T20:27:14.005751+00:00,0,UgxEhblZGBkf1MQw7LZ4AaABAg,,OTq672Zus2U,"{""text"":""r/angrycharlie""}",UgxEhblZGBkf1MQw7LZ4AaABAg
UgwxRvt4uIiA8dbxvTR4AaABAg.AFDUSeU8SCBAFDY30EQKQ8,UCSLj2L6Fa78dtxFbbUarM8Q,2025-03-03T20:25:43.601746+00:00,0,UgwxRvt4uIiA8dbxvTR4AaABAg,,OTq672Zus2U,"{""text"":""100‚ÑÖ creep certified""}",UgwxRvt4uIiA8dbxvTR4AaABAg
UgxkLPVYZQDp-TYg5eR4AaABAg,UCSLj2L6Fa78dtxFbbUarM8Q,2025-03-03T15:23:18.281336+00:00,0,,,gYuOf-cJMMw,"{""text"":""Hmmm""}",
UgwBeW_7VqhTBYFGUUJ4AaABAg,UCSLj2L6Fa78dtxFbbUarM8Q,2025-03-03T14:52:33.797983+00:00,0,,,NAiezeVLNJA,"{""text"":""According to some sources, the ukrainian soldier was allegedly killed by a russian sniper.""},{""text"":""\n""},{""text"":""\n""},{""text"":""I believe it's false as I've seen the footage of ukraine's troops raiding this specific russian trench, though the footage I watcged is not full, it doesn't show the aftermath because of media censorship or propaganda""}",
UgzqRelstQFoFsCbQyB4AaABAg,UCSLj2L6Fa78dtxFbbUarM8Q,2025-03-03T13:23:51.77203+00:00,0,,,KGZ4VFDvRGY,"{""text"":""\""Bro, quick take a photo!\""""},{""text"":""\n""},{""text"":""\""Damnit, I left it at home\""""}",
Ugz4NglRjuUM8Jhk5914AaABAg.AFCdbph1lF6AFCk-mEDbky,UCSLj2L6Fa78dtxFbbUarM8Q,2025-03-03T12:59:38.376905+00:00,0,Ugz4NglRjuUM8Jhk5914AaABAg,,7c5bpIc8rw8,"{""text"":""I really don't side with either Miku and Teto, as long as they're hot I won't be doing anything""}",Ugz4NglRjuUM8Jhk5914AaABAg
Ugw5wXD2Gy6H08mD5-N4AaABAg,UCSLj2L6Fa78dtxFbbUarM8Q,2025-03-03T11:28:08.438587+00:00,0,,,8ZZ0tT_WcLg,"{""text"":""Didn't made me flinch or chuckle or have goosebumps or feel a single shit even at 2 AM. imma give this a 1/10""}",
UgyDIAjEdCIlTG0acjd4AaABAg.AF5Fa1W4DjMAFCKDOFC4tC,UCSLj2L6Fa78dtxFbbUarM8Q,2025-03-03T09:05:34.126587+00:00,0,UgyDIAjEdCIlTG0acjd4AaABAg,,3bQkzxJS1DQ,"{""text"":""@NoTextToSpeech"",""mention"":{""externalChannelId"":""UCxaaULLk6UCnRl5VKRc7G0A""}},{""text"":"" please, I'm all cat ears""}",UgyDIAjEdCIlTG0acjd4AaABAg
Ugw9RSRz5btyjIEN4jV4AaABAg,UCSLj2L6Fa78dtxFbbUarM8Q,2025-03-03T07:10:09.45823+00:00,0,,,UKN_t2hN1_U,"{""text"":""Pro tip: don't go out putting your email address to shady websites, even if it has a \""decent\"" userbase they're all smokes and mirrors""}",
UgzD-Ji57PlrvgGvGC94AaABAg,UCSLj2L6Fa78dtxFbbUarM8Q,2025-03-03T06:40:48.813229+00:00,0,,,HvnY2IWoAGI,"{""text"":""Farewell now my beloved kidney, you served me well""}",
UgzpME9MM04vRPnTnnR4AaABAg.AFBdkjE6k2LAFC2t65BZEe,UCSLj2L6Fa78dtxFbbUarM8Q,2025-03-03T06:34:06.866955+00:00,0,UgzpME9MM04vRPnTnnR4AaABAg,,VWdBsrxgyAI,"{""text"":""So if I say \""I like little girls\"" no one would expose me because it's just an opinion?""}",UgzpME9MM04vRPnTnnR4AaABAg
Ugx8L-mBImcNQsx1q2J4AaABAg,UCSLj2L6Fa78dtxFbbUarM8Q,2025-03-03T01:00:58.513854+00:00,0,,,oSNWhYTiwFQ,"{""text"":""Quick backstory: the man in red was cuddling with the man on  the left and decided to touch the woman's ahh which made the big guy mad af""}",
Ugw2PCEdueEYCO1Ga_N4AaABAg,UCSLj2L6Fa78dtxFbbUarM8Q,2025-03-02T23:20:30.058728+00:00,0,,,0w2P5REfSCg,"{""text"":""In the thumbnail, you see ray and johnny sins and elon musk combined""}",
UgyYXVLPAs7qysFqAch4AaABAg.AEo1zpCy-4KAFAp38HSSan,UCSLj2L6Fa78dtxFbbUarM8Q,2025-03-02T19:05:18.499696+00:00,0,UgyYXVLPAs7qysFqAch4AaABAg,,89cVCZ3a7-k,"{""text"":""Hell yeah, he gave ua animals to eat""}",UgyYXVLPAs7qysFqAch4AaABAg
UgxeOSezPyn5ekEdLn94AaABAg,UCSLj2L6Fa78dtxFbbUarM8Q,2025-03-02T19:03:02.31687+00:00,0,,,89cVCZ3a7-k,"{""text"":""Just ate $300 worth of chicken nuggets, I don't know how many chickens sacrificed themselves for those nuggets but I def love it""}",
UgwrnwAG4uoCCifiYdB4AaABAg,UCSLj2L6Fa78dtxFbbUarM8Q,2025-03-02T18:23:53.395151+00:00,0,,,hhdMNbW2LEo,"{""text"":""This is the most lobotomized comment section I've seen in over 3 years""}",
UgwmDC5WtrQ-riBYXF54AaABAg,UCSLj2L6Fa78dtxFbbUarM8Q,2025-03-02T16:05:36.008474+00:00,0,,,udg1bIBUzJM,"{""text"":""Rare footage of you dancing:""}",
UgytHts5Xe7VY32Nq1B4AaABAg,UCSLj2L6Fa78dtxFbbUarM8Q,2025-03-02T16:02:47.466356+00:00,0,,,lWeZwXLCYRc,"{""text"":""Onii-ga""}",
UgyXTfN1GX-4WhuztTx4AaABAg,UCSLj2L6Fa78dtxFbbUarM8Q,2025-03-02T15:57:50.942596+00:00,0,,,uzPNIFLXIvQ,"{""text"":""0:12"",""videoLink"":{""externalVideoId"":""uzPNIFLXIvQ"",""startTimeSeconds"":12}},{""text"":"" ahh shi that looks like something from a 2016 hanime by Mary Jane""}",
Ugxh_PTVvZobPx71v9x4AaABAg,UCSLj2L6Fa78dtxFbbUarM8Q,2025-03-02T15:56:38.363662+00:00,0,,,SqIbveBhdgM,"{""text"":""He only used 0.00000000000001% of his power""}",
Ugx74Ot1yHnzRhv4Xl94AaABAg.AFAQabxZcrbAFATNucx2AR,UCSLj2L6Fa78dtxFbbUarM8Q,2025-03-02T15:47:10.049277+00:00,0,Ugx74Ot1yHnzRhv4Xl94AaABAg,,cxWMPO228QE,"{""text"":""Yeah fr and the conspiracy theorists are gonna go crazy""}",Ugx74Ot1yHnzRhv4Xl94AaABAg
UgyOScu6j4tKw1pHeLJ4AaABAg.AFAH55TO_kvAFAT9kHQ4m-,UCSLj2L6Fa78dtxFbbUarM8Q,2025-03-02T15:45:14.019911+00:00,0,UgyOScu6j4tKw1pHeLJ4AaABAg,,cxWMPO228QE,"{""text"":""50% of the globe isn't visible""}",UgyOScu6j4tKw1pHeLJ4AaABAg
Ugyd2tOfoqB3svctxLV4AaABAg,UCSLj2L6Fa78dtxFbbUarM8Q,2025-03-02T11:46:19.434733+00:00,0,,,2eNBfXb-A-Q,"{""text"":""99% of gamblers quit before they win big""}",
UgzqFdEK-14aMt0Bkdp4AaABAg,UCSLj2L6Fa78dtxFbbUarM8Q,2025-03-02T06:26:19.987815+00:00,0,,,BOtVJF8jj_M,"{""text"":""You're finally in my recommendation""}",
Ugz8cH44FO6cos5yb-p4AaABAg,UCSLj2L6Fa78dtxFbbUarM8Q,2025-03-01T19:17:25.069137+00:00,0,,,Td10xEmtHrU,"{""text"":""snorts*""}",
Ugx_e9q4hpeaRZSIM1F4AaABAg,UCSLj2L6Fa78dtxFbbUarM8Q,2025-03-01T19:09:39.526915+00:00,0,,,jY2V5rL1m8k,"{""text"":""I don't think they're CaterPillars""}",
UgxHI6-LqTPrjapI0dV4AaABAg,UCSLj2L6Fa78dtxFbbUarM8Q,2025-03-01T18:27:10.382984+00:00,0,,,JfWYQyG8-gU,"{""text"":""We owe this shrek an apology""}",
Ugze5RjpK85ZiNwNdtl4AaABAg,UCSLj2L6Fa78dtxFbbUarM8Q,2025-03-01T16:19:34.810169+00:00,0,,UgxiQLTyKUFPSvnYj5J4AaABCQ,,"{""text"":""As hours turned into days, days turned into weeks, weeks turned into months, and months turned into years... he came back with a sadder news and left once again. May the legend Pamtri come back and do well in life""}",
Ugym8axyZpArj67IG6t4AaABAg,UCSLj2L6Fa78dtxFbbUarM8Q,2025-03-01T16:09:21.890041+00:00,0,,UgkxpY7xOVpAV9wVgU4e3t5AUWnAAZ-HypkH,,"{""text"":""I Hope he didn't turn into a guacamole and met his untimely demise in the hands of the mexicans""}",
UgyQ0OFW0I_ylC_fR854AaABAg,UCSLj2L6Fa78dtxFbbUarM8Q,2025-03-01T13:17:46.345792+00:00,0,,,R9foojHIpxo,"{""text"":""Ngl this is actually way better than the new trailer""}",
UgzRy9HcWnIakwkCvn54AaABAg.AF7UlPFiTXoAF7YuWVOtvL,UCSLj2L6Fa78dtxFbbUarM8Q,2025-03-01T12:37:43.490329+00:00,0,UgzRy9HcWnIakwkCvn54AaABAg,,DshDElRk3zw,"{""text"":""Wow, how original!""}",UgzRy9HcWnIakwkCvn54AaABAg
UgySvDEVCzy2r5FRGyx4AaABAg,UCSLj2L6Fa78dtxFbbUarM8Q,2025-03-01T12:06:05.717076+00:00,0,,,TkZByIgOXSo,"{""text"":""Gg""}",
Ugw4NTCuqadym_RpS314AaABAg.AF6aUK2m1tNAF7GSJIKNtk,UCSLj2L6Fa78dtxFbbUarM8Q,2025-03-01T09:56:26.994086+00:00,0,Ugw4NTCuqadym_RpS314AaABAg,,l6jioNo80fk,"{""text"":""Lol delulu""}",Ugw4NTCuqadym_RpS314AaABAg
UgxJsdvSA1-AMeHuXgN4AaABAg,UCSLj2L6Fa78dtxFbbUarM8Q,2025-03-01T09:45:13.069722+00:00,0,,,14gVDF2b1vA,"{""text"":""Right now, we're probably listening to a laugh of a dead men""}",
UgzRy8hMNO34Sl_d8514AaABAg,UCSLj2L6Fa78dtxFbbUarM8Q,2025-03-01T09:41:57.809241+00:00,0,,,L17Bi7zBJHI,"{""text"":""That guy is now probably ded""}",
Ugy7iZ-MejrOi85L_jp4AaABAg,UCSLj2L6Fa78dtxFbbUarM8Q,2025-03-01T09:14:24.875258+00:00,0,,,WOIUBHCVW7c,"{""text"":""What's up doc? Care for a cupcake?""}",
UgyODUDgYkER2N7uN5V4AaABAg,UCSLj2L6Fa78dtxFbbUarM8Q,2025-03-01T03:46:49.19845+00:00,0,,,1EX9CqjPc9Q,"{""text"":""Those files are nukes for politicians""}",
Ugya-Z3blTwk2ug7yCJ4AaABAg,UCSLj2L6Fa78dtxFbbUarM8Q,2025-02-28T21:13:48.659617+00:00,0,,,_hFXcmDOr98,"{""text"":""She acussed people of SA like wtf my ass looks better than her""}",
UgxjufZ9TBgcvkUoBqN4AaABAg,UCSLj2L6Fa78dtxFbbUarM8Q,2025-02-28T20:51:18.488395+00:00,0,,,TW6t9ihU68w,"{""text"":""Trying to flee police in a car chase at 5mph at that point you'd rather flee on foot""}",
UgzBOLqtQ4iH9CEIRQ14AaABAg,UCSLj2L6Fa78dtxFbbUarM8Q,2025-02-28T18:25:14.351241+00:00,0,,,gX-Vi0g9WcU,"{""text"":""men have billions""}",
UgwvwGMgoDbzywUA8OR4AaABAg,UCSLj2L6Fa78dtxFbbUarM8Q,2025-02-28T15:32:38.804936+00:00,0,,,w5qvMdoxGnc,"{""text"":""This is actually way better than shrek 5""}",
UgyDIAjEdCIlTG0acjd4AaABAg,UCSLj2L6Fa78dtxFbbUarM8Q,2025-02-28T15:10:25.357623+00:00,0,,,3bQkzxJS1DQ,"{""text"":""Imagine A discord mod becoming president and renames \""citizens\"" with \""discord kittens\""""}",
UgzuBHqdfw9BEbbNqPZ4AaABAg,UCSLj2L6Fa78dtxFbbUarM8Q,2025-02-28T14:50:34.470627+00:00,0,,,QY1sO1Pn59o,"{""text"":""1:29"",""videoLink"":{""externalVideoId"":""QY1sO1Pn59o"",""startTimeSeconds"":89}},{""text"":"" ahh sht...""}",
Ugw24t7A_irhmncuGt54AaABAg,UCSLj2L6Fa78dtxFbbUarM8Q,2025-02-28T11:14:24.461723+00:00,0,,,8B1EtVPBSMw,"{""text"":""Tbh the memes made me accept what we can't change""}",
UgygGmAx5-5zQDgsH3J4AaABAg,UCSLj2L6Fa78dtxFbbUarM8Q,2025-02-28T11:03:48.109935+00:00,0,,,Ieq1OXqH0w8,"{""text"":""This better be getting the sonic treatment""}",
Ugwl1yoXuiCnQ8SAX154AaABAg,UCSLj2L6Fa78dtxFbbUarM8Q,2025-02-28T07:17:54.465971+00:00,0,,,MN0FVQbBRvQ,"{""text"":""0:23"",""videoLink"":{""externalVideoId"":""MN0FVQbBRvQ"",""startTimeSeconds"":23}},{""text"":"" her body proportions is off""}",
UgwmfKIM2vJv7Tj0JZl4AaABAg,UCSLj2L6Fa78dtxFbbUarM8Q,2025-02-28T05:38:13.480292+00:00,0,,,wyYUHSGofhQ,"{""text"":""Now this is pure art""}",
Ugwy7OJkAUF4rgohKbl4AaABAg.AF3VhmnR4DuAF46BJTIgFh,UCSLj2L6Fa78dtxFbbUarM8Q,2025-02-28T04:29:01.622298+00:00,0,Ugwy7OJkAUF4rgohKbl4AaABAg,,3yb9vcIM0pw,"{""text"":""The greatest Epstien Island technician that's ever lived""}",Ugwy7OJkAUF4rgohKbl4AaABAg
Ugwupna6I8KGy_CbrrJ4AaABAg,UCSLj2L6Fa78dtxFbbUarM8Q,2025-02-27T18:22:38.01145+00:00,0,,,eL4TkViztIQ,"{""text"":""69""}",
UgxtxyCdouP9IbRg72N4AaABAg,UCSLj2L6Fa78dtxFbbUarM8Q,2025-02-27T14:23:19.602993+00:00,0,,,rK_ErKHeWn0,"{""text"":""Oblivion NPC cutscene""}",
UgxswcSYu9xGUBihlm14AaABAg,UCSLj2L6Fa78dtxFbbUarM8Q,2025-02-27T14:02:03.452854+00:00,0,,,EbiZFlivR6g,"{""text"":""Cave divers when they find the cave named \""Satan's ass crack of gasious doom\""""}",
UgzGYbvmqsnTBEpDu2B4AaABAg,UCSLj2L6Fa78dtxFbbUarM8Q,2025-02-27T13:57:38.004397+00:00,0,,,vCM5szaoEGo,"{""text"":""Kids speedrunning adoption center""}",
UgwrPCFNvYUKcCGe51R4AaABAg,UCSLj2L6Fa78dtxFbbUarM8Q,2025-02-27T13:40:38.833999+00:00,0,,,WSin8T7lIS8,"{""text"":""The accurate title would be \""last broadcast of governments\"", the countries listed are still here to this day but with different governments""}",
UgzmHGaiXFX6bOMSkFt4AaABAg.AF1Qe5jjMnIAF1e-agifC1,UCSLj2L6Fa78dtxFbbUarM8Q,2025-02-27T05:35:32.444881+00:00,0,UgzmHGaiXFX6bOMSkFt4AaABAg,,U06jlgpMtQs,"{""text"":""Our*""}",UgzmHGaiXFX6bOMSkFt4AaABAg
UgzwdIMZicUOvghjI1x4AaABAg,UCSLj2L6Fa78dtxFbbUarM8Q,2025-02-26T23:31:41.609201+00:00,0,,,KC1AzL6qS58,"{""text"":""Cave divers when they discover a cave named \""Satan's schlong tip cord of death\""""}",
UgwKjFkIAFal5wtupR14AaABAg.AF0y7s8IxYXAF0zfzqc2oH,UCSLj2L6Fa78dtxFbbUarM8Q,2025-02-26T23:25:43.546652+00:00,0,UgwKjFkIAFal5wtupR14AaABAg,,28gF9Am17HE,"{""text"":""*waste""}",UgwKjFkIAFal5wtupR14AaABAg
UgxjMar7QiqygFi_ejt4AaABAg.AF0skW2PUorAF0y55r10bc,UCSLj2L6Fa78dtxFbbUarM8Q,2025-02-26T23:11:48.850772+00:00,0,UgxjMar7QiqygFi_ejt4AaABAg,,mNett837-2c,"{""text"":""WHY DID YOU REDEEM IT??? YOU ARE ENDING MY LIFE""}",UgxjMar7QiqygFi_ejt4AaABAg
Ugwu0cAKSsjb4Ev_FV14AaABAg.AF0n23gyY7tAF0pRp4XYyx,UCSLj2L6Fa78dtxFbbUarM8Q,2025-02-26T21:56:16.337244+00:00,0,Ugwu0cAKSsjb4Ev_FV14AaABAg,, -zXwy_sJnGk,"{""text"":""Same as your life""}",Ugwu0cAKSsjb4Ev_FV14AaABAg
UgyTZ4PJMtLPAxYXvxV4AaABAg.AF0mUgM5FAPAF0opPPKo6p,UCSLj2L6Fa78dtxFbbUarM8Q,2025-02-26T21:50:53.453935+00:00,0,UgyTZ4PJMtLPAxYXvxV4AaABAg,, -zXwy_sJnGk,"{""text"":""Umm, actually it's not funded by the government whatsoever. If a government would spend $6million a toilet, they'd rather invest it or trade stock""}",UgyTZ4PJMtLPAxYXvxV4AaABAg
UgyDEPSSNlS2rwiCW1J4AaABAg.9zlKBoOskktAF05lSNjMLf,UCSLj2L6Fa78dtxFbbUarM8Q,2025-02-26T15:08:23.857755+00:00,0,UgyDEPSSNlS2rwiCW1J4AaABAg,,Mw1MWfilz_k,"{""text"":""Youtube compression bruv, streaming is very power hungry""}",UgyDEPSSNlS2rwiCW1J4AaABAg
UgzOn2WREwkOLjHl1qp4AaABAg.AEp7G9Dm38AAF-vCNbNp5k,UCSLj2L6Fa78dtxFbbUarM8Q,2025-02-26T13:27:21.164929+00:00,0,UgzOn2WREwkOLjHl1qp4AaABAg,,nuTMp_wijMo,"{""text"":""So... He's a man of culture""}",UgzOn2WREwkOLjHl1qp4AaABAg
Ugw15rIjvKrBwQ-lfeV4AaABAg,UCSLj2L6Fa78dtxFbbUarM8Q,2025-02-26T13:18:09.031801+00:00,0,,,nuTMp_wijMo,"{""text"":""Microsoft guy with a bollywood accent when my grandma made an unfunny joke: ""},{""text"":""2:58"",""videoLink"":{""externalVideoId"":""nuTMp_wijMo"",""startTimeSeconds"":178}}",
UgyZ3yhcLmzrVfLsCeF4AaABAg,UCSLj2L6Fa78dtxFbbUarM8Q,2025-02-26T11:28:57.043087+00:00,0,,,Kc8ytwwnBYQ,"{""text"":""Bet NVIDIA employees remove the \""QC Failed\"" sticker from the customs after import""}",
Ugyhvz81ZQuH2gXOmNt4AaABAg,UCSLj2L6Fa78dtxFbbUarM8Q,2025-02-26T04:29:08.264357+00:00,0,,,owtUo23C7AQ,"{""text"":""The children in my basement have never seen the cloud""}",
UgzZjPHZ2b6V81MWNnR4AaABAg,UCSLj2L6Fa78dtxFbbUarM8Q,2025-02-26T04:10:28.263786+00:00,0,,,NHPuzV1cxr4,"{""text"":""Fun fact: hitting your head headfirst into a body of water will give you concusion""}",
Ugwv1Axfcio_r3Qic7N4AaABAg,UCSLj2L6Fa78dtxFbbUarM8Q,2025-02-26T04:06:32.810076+00:00,0,,,ru-LNlPD5eU,"{""text"":""It's a small world, you know it's the judge who met his classmate""}",
UgxGsw5PNu6Msa_5-Dd4AaABAg,UCSLj2L6Fa78dtxFbbUarM8Q,2025-02-26T00:08:57.334429+00:00,0,,,is800A4FpQs,"{""text"":""We all know why it has a ""},{""text"":""plastic""}",
Ugz7ZO71_SCk9m-dubB4AaABAg,UCSLj2L6Fa78dtxFbbUarM8Q,2025-02-25T18:00:32.8118+00:00,0,,,AKzaAvLHtjg,"{""text"":""Damn this comment section is 40% bot""}",
UgwEY-RJCffPtBi0-2x4AaABAg.AEykWu3bdNsAEyp_-SvLd5,UCSLj2L6Fa78dtxFbbUarM8Q,2025-02-25T17:59:40.103402+00:00,0,UgwEY-RJCffPtBi0-2x4AaABAg,,AKzaAvLHtjg,"{""text"":""Lol we would be very glad to see you unalive than spam every comnent section""}",UgwEY-RJCffPtBi0-2x4AaABAg
UgxRNA5JgwC2C9KFnlN4AaABAg,UCSLj2L6Fa78dtxFbbUarM8Q,2025-02-25T17:49:00.095198+00:00,0,,,AKzaAvLHtjg,"{""text"":""Charlie, You interrupted my gooning session""}",
UgxEUC376U10c30GYQ14AaABAg.AExcZVk96_rAEyo8WlB8zs,UCSLj2L6Fa78dtxFbbUarM8Q,2025-02-25T17:47:10.699334+00:00,0,UgxEUC376U10c30GYQ14AaABAg,,xy3AcmW0lrQ,"{""text"":""Repetitive""}",UgxEUC376U10c30GYQ14AaABAg
UgzPpKoVrLhZ4vHplb54AaABAg.AEyVWNHYf48AEyVoXd0nCt,UCSLj2L6Fa78dtxFbbUarM8Q,2025-02-25T14:58:17.33775+00:00,0,UgzPpKoVrLhZ4vHplb54AaABAg,,O41fM4UiADE,"{""text"":""It's an entirely different story when it comes to removing a single 1k resistor""}",UgzPpKoVrLhZ4vHplb54AaABAg
UgzPpKoVrLhZ4vHplb54AaABAg,UCSLj2L6Fa78dtxFbbUarM8Q,2025-02-25T14:55:40.396153+00:00,0,,,O41fM4UiADE,"{""text"":""Capacitors function as decouplers stabilizing current, you could remove all capacitors from your PC and still work fine but you'll get lots of spikes""}",
UgxKiqMwqjECF-rSW9t4AaABAg,UCSLj2L6Fa78dtxFbbUarM8Q,2025-02-25T14:48:54.55551+00:00,0,,,RR3VhfN4Qhw,"{""text"":""Deporting them costs less than letting them stay abusing taxpayer dollars and commiting crimes""}",
UgygPna7T09TtaFkiKh4AaABAg,UCSLj2L6Fa78dtxFbbUarM8Q,2025-02-25T14:16:13.378856+00:00,0,,,Fo7L8p1I_Hw,"{""text"":""This is a certified hood classic""}",
UgwfJXwChwzWsMZRS4x4AaABAg.AEwxxA1TbhkAEyGqvRNIOb,UCSLj2L6Fa78dtxFbbUarM8Q,2025-02-25T12:47:32.578251+00:00,0,UgwfJXwChwzWsMZRS4x4AaABAg,,he0OPeNxYYA,"{""text"":""Naw dawg she livin' in da hood""}",UgwfJXwChwzWsMZRS4x4AaABAg
Ugw9jVQp410Ark3syzF4AaABAg,UCSLj2L6Fa78dtxFbbUarM8Q,2025-02-25T12:34:28.049433+00:00,0,,,Im4JVVpxgwU,"{""text"":""Analised the dll files on my phone and saw some sussy lines of codes like all file types, accessing C:\\, serialized codes, it also connects to multiple websites, and downloads and installs some programs""}",
UgxOHbbwqShsZKICCsV4AaABAg,UCSLj2L6Fa78dtxFbbUarM8Q,2025-02-25T10:42:18.173394+00:00,0,,,TcBzyuW8zJ4,"{""text"":""This is likely fake""}",
UgwtkV8b_g1GXuRKYyN4AaABAg.AExoDcu7v30AExoF2QJSMx,UCSLj2L6Fa78dtxFbbUarM8Q,2025-02-25T08:28:49.645769+00:00,0,UgwtkV8b_g1GXuRKYyN4AaABAg,,bOU2aSAjtbI,"{""text"":"".""}",UgwtkV8b_g1GXuRKYyN4AaABAg
UgwtkV8b_g1GXuRKYyN4AaABAg,UCSLj2L6Fa78dtxFbbUarM8Q,2025-02-25T08:28:38.144811+00:00,0,,,bOU2aSAjtbI,"{""text"":"".""}",
UgxTruOhWwtUMM1e7XB4AaABAg,UCSLj2L6Fa78dtxFbbUarM8Q,2025-02-25T05:48:40.092175+00:00,0,,,lfErr9NSI1Q,"{""text"":""Cave divers with 2 wives and 6 childrens when they find the cave named \""Satans Schlong tip cord of death\""""}",
Ugyg1G1xhXlunlNAaXp4AaABAg,UCSLj2L6Fa78dtxFbbUarM8Q,2025-02-25T05:13:06.503544+00:00,0,,Ugkxxlvy6tERQQOC5z3MlRH3AEWRXW1XfX9l,,"{""text"":""We need more sauce""}",
Ugx2lc_TTlPPjEQzmQB4AaABAg,UCSLj2L6Fa78dtxFbbUarM8Q,2025-02-25T01:34:48.963994+00:00,0,,,6qmUTclZhUo,"{""text"":""2025 and it's still a banger""}",
UgyNC3HhaB4XtgRjZHx4AaABAg,UCSLj2L6Fa78dtxFbbUarM8Q,2025-02-25T01:27:28.014751+00:00,0,,,WE4pyK2sEXY,"{""text"":""Bro turned on DLSS and RayTracing and PathTracing""}",
UgxY8qR6p8PFOY1sVhR4AaABAg,UCSLj2L6Fa78dtxFbbUarM8Q,2025-02-24T17:14:00.303002+00:00,0,,,ljhdGBXVI8I,"{""text"":""For those who think it came from Toriko no Kusari, it's not. The origin is still unknown, it may or may not be from a hentai/anime but one thing is for certain, it's an overexaggerated sound made to sound inappropriate for comedic purposes""}",
Ugx03eUXtqP9jLWny4J4AaABAg.ADh7TVGZutLAEw85kVIeZp,UCSLj2L6Fa78dtxFbbUarM8Q,2025-02-24T16:52:34.760413+00:00,0,Ugx03eUXtqP9jLWny4J4AaABAg,,NJGKOqCJUuY,"{""text"":""Yamete kudassai~ ughhh~!""}",Ugx03eUXtqP9jLWny4J4AaABAg
Ugy6ciAI5Fl1cqqD3Yh4AaABAg.9RgzH6JcZ6PAEw8-LxDquh,UCSLj2L6Fa78dtxFbbUarM8Q,2025-02-24T16:51:42.328771+00:00,0,Ugy6ciAI5Fl1cqqD3Yh4AaABAg,,NJGKOqCJUuY,"{""text"":""It's actually for everyone's safety, something like the Akihabara massacre back in 2008 will be prevented""}",Ugy6ciAI5Fl1cqqD3Yh4AaABAg
UgzmGsVKg5ofQD4kVJl4AaABAg,UCSLj2L6Fa78dtxFbbUarM8Q,2025-02-24T16:42:04.165312+00:00,0,,,WwXeryBKTAc,"{""text"":""Lol where's your \""God\"" to save you? Ohh never mind he's gonna get surgery""}",
Ugznryn9nfdI6Dq7BmZ4AaABAg,UCSLj2L6Fa78dtxFbbUarM8Q,2025-02-24T16:34:44.910126+00:00,0,,,MGAyYrc0h-0,"{""text"":""Nile: \""powdered aerogel\""""},{""text"":""\n""},{""text"":""Me: ""},{""text"":""snorts""},{""text"":"" ""},{""text"":""snorts""}",
Ugwq6oV6awJGLOCW_qF4AaABAg,UCSLj2L6Fa78dtxFbbUarM8Q,2025-02-24T16:30:56.932786+00:00,0,,,9eQq2kvRTsc,"{""text"":""That energy has no rights""}",
Ugyy7D8YfDSqqDmhAo14AaABAg,UCSLj2L6Fa78dtxFbbUarM8Q,2025-02-24T16:25:15.446029+00:00,0,,,raxKkzuTQXY,"{""text"":""How I feel after drinking grape juice from wine glass""}",
UgwLS7NKcxmgv0XPYjV4AaABAg,UCSLj2L6Fa78dtxFbbUarM8Q,2025-02-24T15:26:27.584929+00:00,0,,,wSHmygPQukQ,"{""text"":""GTA 7 minimum requirements""}",
UgzJJPMto7OXzGeAvpR4AaABAg,UCSLj2L6Fa78dtxFbbUarM8Q,2025-02-24T15:20:39.211224+00:00,0,,,Q4xCR20Dh1E,"{""text"":""Okay it's faster than supercomputers... But can it run Cyberpunk at 4k 60fps?""}",
UgwP04ACZ8Ecd3tg0iJ4AaABAg,UCSLj2L6Fa78dtxFbbUarM8Q,2025-02-24T15:03:43.208315+00:00,0,,,Z4yxbqWpaaQ,"{""text"":""Damn, I missed the peak internet era""}",
UgztG2DM6CARJPZCk2R4AaABAg,UCSLj2L6Fa78dtxFbbUarM8Q,2025-02-24T14:48:22.542171+00:00,0,,,hOX_uNdd-q8,"{""text"":""I am become meme, destroyer of trends""}",
UgyXKpPWbf9SZecVYDl4AaABAg,UCSLj2L6Fa78dtxFbbUarM8Q,2025-02-24T14:47:33.703345+00:00,0,,,ecT7MP0_2ew,"{""text"":""Bro thinks he oppenheimer""}",
UgzYYrp0JI7SgkemC0B4AaABAg,UCSLj2L6Fa78dtxFbbUarM8Q,2025-02-24T02:22:44.803993+00:00,0,,,m4W9vqSM4l0,"{""text"":""Alternate sauce: renai fuyou gakuha""}",
Ugz8IN-9SbzkGmRkbed4AaABAg,UCSLj2L6Fa78dtxFbbUarM8Q,2025-02-24T02:13:10.28916+00:00,0,,,Rxtar98Xl0E,"{""text"":""Lol people from different countries calling US fascist dictatorship like they don't want criminals in their country""}",
UgzwQnQjhp6-nNvYSFJ4AaABAg,UCSLj2L6Fa78dtxFbbUarM8Q,2025-02-23T23:10:12.069405+00:00,0,,,Dxxd29RgiNg,"{""text"":""I identify as freedom, my pronouns are oil/war""}",
UgxBjda1a1ezOLCVJdl4AaABAg.AEtxsssg0crAEuBwLLcIQG,UCSLj2L6Fa78dtxFbbUarM8Q,2025-02-23T22:47:37.793529+00:00,0,UgxBjda1a1ezOLCVJdl4AaABAg,,bUvk6Up5Kmk,"{""text"":""*posts real comment - people: meh""},{""text"":""\n""},{""text"":""üòÇüòÇüòÇ - people: üëçüëçüëç""}",UgxBjda1a1ezOLCVJdl4AaABAg
UgzJ5JQ7LQmHG5qvme94AaABAg,UCSLj2L6Fa78dtxFbbUarM8Q,2025-02-23T22:38:39.577683+00:00,0,,,OVn3dGmcxIU,"{""text"":""Yeah alright like planting more trees to stop flooding like they can absorb 1000liters of rainwater in less than an hour""}",
UgzDGG9Zhlfow6EtoRd4AaABAg,UCSLj2L6Fa78dtxFbbUarM8Q,2025-02-23T07:30:11.728395+00:00,0,,,d8etYF4bAlA,"{""text"":""Charlie, is your barber still alive?""}",
UgxGb_utenR8eKuy2q94AaABAg,UCSLj2L6Fa78dtxFbbUarM8Q,2025-02-23T07:26:45.569962+00:00,0,,,E9T78bT26sk,"{""text"":""We beatin paper with this one""}",
Ugz6Lhn9JRpwyQ-n2Kx4AaABAg.AEqu_yNSSM3AEqxrkYGYnb,UCSLj2L6Fa78dtxFbbUarM8Q,2025-02-22T16:38:12.568204+00:00,0,Ugz6Lhn9JRpwyQ-n2Kx4AaABAg,,WR73Dldyejo,"{""text"":""The NSFW bot situation is getting worse""}",Ugz6Lhn9JRpwyQ-n2Kx4AaABAg
UgxGjc4vsFCv82mKADl4AaABAg.AEpNMlFxwvkAEpmL8HYbZp,UCSLj2L6Fa78dtxFbbUarM8Q,2025-02-22T05:38:15.564016+00:00,0,UgxGjc4vsFCv82mKADl4AaABAg,,AQbKULlZAOA,"{""text"":""Money, ‚Äúprotecting‚Äù (spying) citizens, and giving themselves the power to arrest/prosecute citizens using the stolen \""evidence\""""},{""text"":""\n""},{""text"":""\n""},{""text"":""\n""},{""text"":""Sussy things you uploaded can get you arrested even if they're just memes""}",UgxGjc4vsFCv82mKADl4AaABAg
UgxzNGrMulXuyLxDEzJ4AaABAg,UCSLj2L6Fa78dtxFbbUarM8Q,2025-02-22T05:26:21.080736+00:00,0,,,AQbKULlZAOA,"{""text"":""\""Sir, someone got our python backdoor script\""""},{""text"":""\n""},{""text"":""                                     -probably UK Gov in the future""}",
UgyCXiL3xPrNJH2MxXV4AaABAg,UCSLj2L6Fa78dtxFbbUarM8Q,2025-02-22T03:48:22.549153+00:00,0,,,HTXkfnLH04A,"{""text"":""23:52"",""videoLink"":{""externalVideoId"":""HTXkfnLH04A"",""startTimeSeconds"":1432}},{""text"":"" skip the ad""}",
UgyhcwlhUXdTCh6w8V54AaABAg.AEoj8pwU_AKAEowY7yOfrp,UCSLj2L6Fa78dtxFbbUarM8Q,2025-02-21T21:48:10.409843+00:00,0,UgyhcwlhUXdTCh6w8V54AaABAg,,r5sbtV0jhYs,"{""text"":""The premier is very clear, it isn't about your bible""}",UgyhcwlhUXdTCh6w8V54AaABAg
Ugxtt4-w7h1VeBvLi4h4AaABAg,UCSLj2L6Fa78dtxFbbUarM8Q,2025-02-21T21:02:56.552697+00:00,0,,,mkcgVN90zl0,"{""text"":""So basically an expensive applock with no pin/password""}",
UgwHvCAM8EV5Q5vVrwV4AaABAg.AEoPWl0JFo2AEoVWxFV1qx,UCSLj2L6Fa78dtxFbbUarM8Q,2025-02-21T17:43:20.741921+00:00,0,UgwHvCAM8EV5Q5vVrwV4AaABAg,,6KtjgrdMwl0,"{""text"":""@MrIndirect1 is the type of guy in amogus that kills someone and reports it as self""}",UgwHvCAM8EV5Q5vVrwV4AaABAg
Ugy4Ui2CYXkKNSUoBLN4AaABAg.AEoQOcXW2OrAEoTNEZtxfv,UCSLj2L6Fa78dtxFbbUarM8Q,2025-02-21T17:24:32.606447+00:00,0,Ugy4Ui2CYXkKNSUoBLN4AaABAg,,6KtjgrdMwl0,"{""text"":""I don't call it \""PTSD\"" I call it lore and character development""}",Ugy4Ui2CYXkKNSUoBLN4AaABAg
Ugxb65iYzj80iICFaet4AaABAg,UCSLj2L6Fa78dtxFbbUarM8Q,2025-02-21T17:22:22.86792+00:00,0,,,6KtjgrdMwl0,"{""text"":""Bro thinks he the joker""}",
UgxC8Rk6hYBV_tDmbcR4AaABAg.AEoDHr7gfxJAEoSunNjuJf,UCSLj2L6Fa78dtxFbbUarM8Q,2025-02-21T17:20:31.426441+00:00,0,UgxC8Rk6hYBV_tDmbcR4AaABAg,,t7REnKeMnYk,"{""text"":""@IX_4 If you're too braindead to understand let me explain.""},{""text"":""\n""},{""text"":""\n""},{""text"":""Read it again and use 1 braincell (if you have one)""}",UgxC8Rk6hYBV_tDmbcR4AaABAg
UgwaXddzKlyiPx9IZu54AaABAg,UCSLj2L6Fa78dtxFbbUarM8Q,2025-02-21T17:13:58.949695+00:00,0,,,t7REnKeMnYk,"{""text"":""Remember kids, a simple 500kb .py script with administrator privilages can nuke your entire system""}",
UgxSF54x7XjUfAgCIit4AaABAg.AEYu3IVOA6yAEoOLtw7xkj,UCSLj2L6Fa78dtxFbbUarM8Q,2025-02-21T16:40:40.163297+00:00,0,UgxSF54x7XjUfAgCIit4AaABAg,,nuTMp_wijMo,"{""text"":""Go to school first kiddo""}",UgxSF54x7XjUfAgCIit4AaABAg
UgyKaNUn-hre3LNKcg54AaABAg,UCSLj2L6Fa78dtxFbbUarM8Q,2025-02-21T12:17:17.009701+00:00,0,,,23IbDACOzpc,"{""text"":""I remember listening to this 10 years ago""}",
UgzdqEdoCAyr_kqgPFp4AaABAg,UCSLj2L6Fa78dtxFbbUarM8Q,2025-02-20T13:24:14.730935+00:00,0,,,Y3dFCWA16jY,"{""text"":""60hz so innovative!""}",
Ugx6C9iZ0tA09pDQFp14AaABAg,UCSLj2L6Fa78dtxFbbUarM8Q,2025-02-20T10:32:27.624065+00:00,0,,,e2hI9K2EFlY,"{""text"":""Imagine if the guy robbed a donut store""}",
Ugy6bBxjYVT_TvcYz0x4AaABAg.A3fObFpZPS3AEl8mlADcT9,UCSLj2L6Fa78dtxFbbUarM8Q,2025-02-20T10:26:56.530056+00:00,0,Ugy6bBxjYVT_TvcYz0x4AaABAg,,ypyYhwTz5dU,"{""text"":""I like the kind of hanimes in h*entaimama under the 'cute & funny' category and CP (not cyberpunk 2077 or cod points)""}",Ugy6bBxjYVT_TvcYz0x4AaABAg
UgxXYGusmKFeSh7V3KR4AaABAg.AClheKZe_sAAEl8LFl215F,UCSLj2L6Fa78dtxFbbUarM8Q,2025-02-20T10:23:03.009027+00:00,0,UgxXYGusmKFeSh7V3KR4AaABAg,,ypyYhwTz5dU,"{""text"":""Well it's anime it only becomes a problem when it's IRL , same for l*li ang CP they're just a bunch of moving pixels :)""}",UgxXYGusmKFeSh7V3KR4AaABAg
UghzuTwObb2DKHgCoAEC.8Hjxht4A38JAEl6EX8qQY4,UCSLj2L6Fa78dtxFbbUarM8Q,2025-02-20T10:04:39.258074+00:00,0,UghzuTwObb2DKHgCoAEC,,ypyYhwTz5dU,"{""text"":""Onii-chan Lannister and Sensei lannister""}",UghzuTwObb2DKHgCoAEC
Ugzy9b3RxtwnEGjUpnF4AaABAg,UCSLj2L6Fa78dtxFbbUarM8Q,2025-02-20T10:01:20.724972+00:00,0,,,7o_jRwOL_tg,"{""text"":""It's impossible he hasn't banged his lil sister at this point""}",
Ugw98lUBhjBK2p-ZqTB4AaABAg,UCSLj2L6Fa78dtxFbbUarM8Q,2025-02-20T05:07:33.006411+00:00,0,,,4InUWG8nFCc,"{""text"":""\""Asteroid has oil\""""},{""text"":""\n""},{""text"":""That asteroid needs democracyü¶Öü¶Öü¶Öüá∫üá∏üá∫üá∏üá∫üá∏""}",
UgwELyr9T0VnAOS0tph4AaABAg,UCSLj2L6Fa78dtxFbbUarM8Q,2025-02-19T11:20:30.828009+00:00,0,,,SHmuxfj6f8E,"{""text"":""Remember kids, don't be rude to fastfood workers they're not paid enough to be harrassed and they have problems just like yours""}",
UgyE19D-cXcGYHnkSfp4AaABAg,UCSLj2L6Fa78dtxFbbUarM8Q,2025-02-19T08:58:42.863595+00:00,0,,,RAgsiBhRFFc,"{""text"":""Phone numbers get reused, so what probably happened here is that the previous owner of the number lost that number or switched to a different carrier but didn't update anything""}",
UgxN9sh1J9TW_JNGRwV4AaABAg,UCSLj2L6Fa78dtxFbbUarM8Q,2025-02-19T08:46:18.090007+00:00,0,,,r_7tXmqk1JI,"{""text"":""\""1000 yard stare\"" ahh car""}",
Ugzf-yG_t_sCa-FiXQR4AaABAg,UCSLj2L6Fa78dtxFbbUarM8Q,2025-02-19T08:42:56.047561+00:00,0,,,w0BLJ3iWA4g,"{""text"":""*with free 100 social credits*""}",
UgyaRYE8XlNcVXN9PwJ4AaABAg,UCSLj2L6Fa78dtxFbbUarM8Q,2025-02-19T08:37:11.271216+00:00,0,,,iIefqtxFx3M,"{""text"":""I love apple's innovation they're so original!""}",
UgxvnPv4XLxyVaSDoDJ4AaABAg,UCSLj2L6Fa78dtxFbbUarM8Q,2025-02-19T07:50:33.35358+00:00,0,,,kuNixp-wvWM,"{""text"":""Mid 2000s to early 2010s was peak internet and this is one of its fragments.""},{""text"":""\n""},{""text"":""\n""},{""text"":""I was born in 2009, man I wish I was born 11 years earlier to witness how wholesome the internet were""}",
UgwI1CD-k_sTs8gAkul4AaABAg,UCSLj2L6Fa78dtxFbbUarM8Q,2025-02-19T07:39:56.579351+00:00,0,,,83lk5Z0vrOQ,"{""text"":""5x30 ahh mosquito""}",
Ugw1wegvfUJd9gIrWvZ4AaABAg,UCSLj2L6Fa78dtxFbbUarM8Q,2025-02-18T13:03:45.583738+00:00,0,,,QE0q7Gm06U4,"{""text"":""This is a boomer propaganda""}",
UgyMTQVukaRA-xzN42x4AaABAg,UCSLj2L6Fa78dtxFbbUarM8Q,2025-02-18T10:23:22.766144+00:00,0,,,9m36ShbUAOU,"{""text"":""How I look at bro after yelling \""chupa deez nutz\"" in front of a cartel guy""}",
UgyZjQ2lIfe6bkonUV94AaABAg,UCSLj2L6Fa78dtxFbbUarM8Q,2025-02-18T10:07:40.963173+00:00,0,,, -dmsANzizRQ,"{""text"":""Imagine in 2069 and you tell your grandson Hatsune Miku and WW3 lore""}",
UgwnYo3OJaTNTeZOtuV4AaABAg.AEeqVCOGodvAEf6JL8mxuS,UCSLj2L6Fa78dtxFbbUarM8Q,2025-02-18T02:09:52.152452+00:00,0,UgwnYo3OJaTNTeZOtuV4AaABAg,,1q2Z9XLmZIU,"{""text"":""@adisar2002 ""},{""text"":""drops 5090""}",UgwnYo3OJaTNTeZOtuV4AaABAg
UgzSoEfLnuXjG8Ivdax4AaABAg,UCSLj2L6Fa78dtxFbbUarM8Q,2025-02-17T18:33:07.185625+00:00,0,,,rznMFf1Ljz8,"{""text"":""\""Hey apple!\""""},{""text"":""\n""},{""text"":""\""What!?\""""},{""text"":""\n""},{""text"":""Amazing_grace.mp3""}",
UgwKAh04-ZhZ1T9kVbN4AaABAg,UCSLj2L6Fa78dtxFbbUarM8Q,2025-02-17T17:49:52.314811+00:00,0,,,5P9fDiKr93A,"{""text"":""He's the type of druggie who smokes fent""}",
UgxUalgJgVGdwDxY8rp4AaABAg,UCSLj2L6Fa78dtxFbbUarM8Q,2025-02-17T17:46:04.395177+00:00,0,,,OXheOsLU7_A,"{""text"":""Blud's audio drivers are glitching and thought \""open na noor\"" was \""open fire\""""}",
UgyoEk9bh7qV33iB7AR4AaABAg,UCSLj2L6Fa78dtxFbbUarM8Q,2025-02-17T17:25:22.657683+00:00,0,,,widZEAJc0QM,"{""text"":""0:54"",""videoLink"":{""externalVideoId"":""widZEAJc0QM"",""startTimeSeconds"":54}},{""text"":"" minecraft reference""}",
UgzHeZ1VYtnzhKnkp9l4AaABAg,UCSLj2L6Fa78dtxFbbUarM8Q,2025-02-17T16:20:55.480656+00:00,0,,,jQUdVrQJGTk,"{""text"":""Patriotism is spreading""}",
Ugw5zubr9XCk-fUhyv94AaABAg,UCSLj2L6Fa78dtxFbbUarM8Q,2025-02-17T16:07:01.664642+00:00,0,,,15mChHs9VU4,"{""text"":""Youtube recommendation is a gem""}",
UgwSDqfe3HL6PBAg7Td4AaABAg,UCSLj2L6Fa78dtxFbbUarM8Q,2025-02-17T11:49:02.941461+00:00,0,,,9EjrAM6VbjI,"{""text"":""Imagine hearing a kid yell \""I want my zaza\"" infront of cartel""}",
UgxCpRKKBKasapx0tZ54AaABAg,UCSLj2L6Fa78dtxFbbUarM8Q,2025-02-17T11:43:04.638667+00:00,0,,,klOkTK0xS2g,"{""text"":""Medium/rare fits best""}",
UgzydlVa0WrUjc0abid4AaABAg,UCSLj2L6Fa78dtxFbbUarM8Q,2025-02-17T11:09:43.026922+00:00,0,,,dpmPHc23-k8,"{""text"":""In 70 years few people will remember Azumanga Daioh and in 100 years everyone who remember Azumanga Daioh will be gone and it will remain in the depths of internet archives waiting to be uncovered""}",
UgwLPBqSilS3Wcvxe0B4AaABAg,UCSLj2L6Fa78dtxFbbUarM8Q,2025-02-17T07:51:34.842358+00:00,0,,,t7mT9QhwEsU,"{""text"":""My reptile great¬π¬≤¬≤¬≤¬≤ grandfather was probably like \""back in my day we used to own nigersaurus\""""}",





